Year,Type,Name
2014,long,Alexander 
2014,long,Leah 
2014,regular,Richard 
2014,regular,Marc 
2014,regular,Jessica 
2014,regular,Vincent 
2014,regular,Karl 
2014,long,Sascha 
2014,regular,Carol 
2014,regular,Andrew 
2014,regular,Kalyan 
2014,regular,Haoping 
2014,short,Alex 
2014,short,Judith 
2014,short,Ronny 
2014,short,Amanda 
2014,short,Allia 
2014,short,Lifang 
2014,short,Darren 
2014,short,Aline 
2014,short,Mohammed 
2014,short,Jane
2014,short,Abdul 
2014,short,Arturo 
2014,short,Saranna 
2014,short,Stephen 
2014,short,Evelyn 
2014,short,Luis 
2014,short,Melanie 
2014,short,Chelsi 
2014,long,Sally
2014,long,Mihai 
2014,regular,Sarah 
2014,regular,Melanie 
2014,regular,Neil 
2014,long,Diego 
2014,regular,Meleah 
2014,regular,Christophe 
2014,regular,Geraldine 
2014,regular,Jane 
2014,regular,Suzanne 
2014,regular,Adilia 
2014,regular,Ryan 
2014,regular,Neil 
2014,concurrant,Minh 
2014,concurrant,Robert 
2014,concurrant,Donna 
2014,concurrant,Brian 
2014,concurrant,Sara 
2014,concurrant,Saul
2014,concurrant,Duncan 
2014,concurrant,sally
2014,concurrant,Galit 
2014,concurrant,Delma 
2014,concurrant,Nora 
2014,concurrant,Kearney 
2014,concurrant,Adeline 
2014,concurrant,Gavin 
2014,concurrant,Guisheng 
2014,concurrant,Damian 
2014,concurrant,Ilse 
2014,concurrant,Silke 
2014,regular,Scott 
2014,regular,Christina 
2014,regular,Ryan 
2014,regular,Hong 
2014,regular,Dimitrios 
2014,regular,Richard 
2014,long,Yue 
2014,regular,James 
2014,regular,Saul
2014,regular,Megan 
2014,regular,Rebecca 
2014,concurrant,Alexandra 
2014,concurrant,Peter 
2014,concurrant,Chiraj 
2014,concurrant,Ernesto 
2014,concurrant,Jill 
2014,concurrant,Michael 
2014,concurrant,Dominique 
2014,concurrant,David 
2014,concurrant,Elena 
2014,concurrant,Alessandro 
2014,concurrant,Nuo 
2014,concurrant,Li 
2014,concurrant,Catherine 
2014,concurrant,Taiga 
2014,concurrant,Lydia 
2014,concurrant,Aaron 
2014,concurrant,Joachim 
2014,concurrant,Saul
2014,long,Kaitlin 
2014,long,Aaron 
2014,regular,Laxmi 
2014,regular,Paul 
2014,regular,Anna 
2014,regular,Gordon 
2014,regular,Jesus 
2014,regular,Julie 
2014,regular,David 
2014,regular,Janet 
2016,long,Judith 
2016,long,Leah 
2016,regular,Attila 
2016,regular,Junko 
2016,regular,Marc 
2016,regular,Sahar 
2016,regular,Lawrence 
2016,long,Bernard 
2016,regular,Christian 
2016,regular,Rebecca 
2016,regular,Saul
2016,regular,Jessica 
2016,regular,Suzanne 
2016,regular,John 
2016,regular,Cornelius 
2016,regular,Pascalis 
2016,short,Matthew 
2016,short,Sabrina 
2016,short,Franziska 
2016,short,Susann 
2016,short,Jane 
2016,long,Sarah 
2016,regular,Rebecca 
2016,regular,Partha 
2016,regular,Michael 
2016,regular,Angelique 
2016,regular,Jose 
2016,long,Geraldine 
2016,regular,Toni 
2016,regular,Alessia 
2016,regular,Sheena 
2016,regular,Anja 
2016,concurrant,Remi 
2016,concurrant,Donna 
2016,concurrant,Andreas 
2016,concurrant,Mairi 
2016,concurrant,Andrew 
2016,concurrant,Lydia 
2016,concurrant,Carrie 
2016,concurrant,Christophe 
2016,concurrant,Raju 
2016,concurrant,Norma 
2016,concurrant,Paul 
2016,concurrant,Anna 
2016,concurrant,Alistair 
2016,concurrant,Ana 
2016,concurrant,Melanie 
2016,concurrant,Daniel 
2016,concurrant,Franziska 
2016,concurrant,Walter 
2016,short,Emilie 
2016,short,Jane
2016,short,Nitesh 
2016,short,Elan 
2016,short,Matthew 
2016,long,David 
2016,regular,Oliver 
2016,regular,Andre 
2016,regular,Concha 
2016,regular,Irene 
2016,regular,Patrick 
2016,long,James 
2016,regular,Megan 
2016,regular,Neil 
2016,regular,Julien 
2016,regular,Robert 
2016,concurrant,Minh 
2016,concurrant,Sascha 
2016,concurrant,Sara 
2016,concurrant,Robert 
2016,concurrant,Katherine 
2016,concurrant,Saul
2016,concurrant,Brian 
2016,concurrant,Dominique 
2016,concurrant,Damian 
2016,concurrant,Kelley 
2016,concurrant,Elizabeth 
2016,concurrant,Saul
2016,concurrant,Gavin 
2016,concurrant,Paul 
2016,concurrant,Elizabeth 
2016,concurrant,Virginia 
2016,concurrant,Sahar 
2016,concurrant,Arielle 
2016,long,Nora 
2016,regular,Megha 
2016,regular,Karin 
2016,regular,Eugenio 
2016,regular,Jeniel 
2016,regular,Priya 
2016,long,Jonathan 
2016,regular,Jessica 
2016,regular,Pedro 
2016,regular,Prashant 
2016,regular,Karl 
2018,long,Neil 
2018,regular,Rupinder 
2018,regular,Jonathan 
2018,regular,Karl 
2018,regular,Linda 
2018,regular,Sarah 
2018,regular,mary
2018,regular,Megha 
2018,regular,Andrew 
2018,regular,Christian 
2018,regular,Anja 
2018,regular,Johannes 
2018,regular,Daniel 
2018,regular,Cornelius 
2018,regular,Maurizio 
2018,regular,Andresa 
2018,regular,Hassan 
2018,short,Tian 
2018,short,Jessica 
2018,short,Shaoji 
2018,short,Philipp 
2018,short,Elora 
2018,short,Joshua 
2018,short,Junko 
2018,short,Kortany 
2018,short,Amanda 
2018,short,Taissa 
2018,short,Zhuwei 
2018,short,Pallavi 
2018,regular,Sarah 
2018,regular,Xin 
2018,regular,Anna 
2018,regular,Selim 
2018,regular,Marc 
2018,regular,Melanie 
2018,regular,Julie
2018,regular,Nancy 
2018,regular,Matthew 
2018,regular,Suzanne 
2018,regular,Christophe 
2018,regular,Anna 
2018,concurrant,Jeniel 
2018,concurrant,Maria 
2018,concurrant,Louise 
2018,concurrant,Ingrida 
2018,concurrant,Peter 
2018,concurrant,Zeinab 
2018,concurrant,Val 
2018,concurrant,Stephanie 
2018,concurrant,Michael 
2018,concurrant,Shakti 
2018,concurrant,Milena 
2018,concurrant,Joachim 
2018,concurrant,Duncan 
2018,concurrant,Elisa 
2018,concurrant,Marcel 
2018,concurrant,Fitz 
2018,concurrant,Anna 
2018,concurrant,Tianyuan 
2018,regular,David 
2018,regular,Concha 
2018,regular,Judith 
2018,regular,Cornelius 
2018,regular,Haoping 
2018,regular,Amy 
2018,regular,Iliyan 
2018,regular,Ilse 
2018,regular,Carolina 
2018,regular,Bing 
2018,regular,David 
2018,regular,Priya 
2018,concurrant,Reeta 
2018,concurrant,Selinda 
2018,concurrant,Jesus 
2018,concurrant,Allison 
2018,concurrant,Brian 
2018,concurrant,Jigar 
2018,concurrant,Dominique 
2018,concurrant,Giuseppe 
2018,concurrant,Scott 
2018,concurrant,Anita 
2018,concurrant,Jane 
2018,concurrant,Gina 
2018,concurrant,Aaron 
2018,concurrant,Kyle 
2018,concurrant,Lisa 
2018,concurrant,Patrick 
2018,concurrant,Alex 
2018,concurrant,Robert 
2018,short,Josie 
2018,short,Daniel 
2018,short,Lucia 
2018,short,Raul
2018,short,Sophia 
2018,short,Natalie 
2018,short,Callum 
2018,short,Chih-Ting 
2018,short,Pedro 
2018,short,Dhara 
2018,short,Pei-Yu 
2018,short,Jin 
2018,regular,Alexandra 
2018,regular,Martine 
2018,regular,David 
2018,regular,Byron 
2018,regular,Samantha 
2018,regular,Jill 
2018,regular,Ana 
2018,regular,Martina 
2018,regular,Aaron 
2018,regular,James 
2018,regular,Meleah 
2018,regular,Teresa 